country,lat,lng
Japan,35.685,139.7514
Mexico,19.4424,-99.131
Bangladesh,23.7231,90.4086
Argentina,-34.6025,-58.3975
Egypt,30.05,31.25
China,39.9289,116.3883
Philippines,14.6042,120.9822
Russia,55.7522,37.6155
France,48.8667,2.3333
"Korea, South",37.5663,126.9997
Indonesia,-6.1744,106.8294
United Kingdom,51.5,-0.1167
Peru,-12.048,-77.0501
Iran,35.6719,51.4243
Congo (Kinshasa),-4.3297,15.315
Colombia,4.5964,-74.0833
Taiwan,25.0358,121.5683
Thailand,13.75,100.5166
Chile,-33.45,-70.667
Spain,40.4,-3.6834
United States,38.9047,-77.0163
Singapore,1.293,103.8558
Angola,-8.8383,13.2344
Iraq,33.3386,44.3939
Sudan,15.5881,32.5342
Saudi Arabia,24.6408,46.7727
Vietnam,21.0333,105.85
Burma,16.7834,96.1667
Côte D’Ivoire,5.32,-4.04
Brazil,-15.7833,-47.9161
Turkey,39.9272,32.8644
Germany,52.5218,13.4015
Algeria,36.7631,3.0506
Italy,41.896,12.4833
"Korea, North",39.0194,125.7547
Afghanistan,34.5167,69.1833
Greece,37.9833,23.7333
South Africa,-33.92,18.435
Ethiopia,9.0333,38.7
Kenya,-1.2833,36.8167
Venezuela,10.501,-66.917
Tanzania,-6.8,39.2683
Portugal,38.7227,-9.1449
Ukraine,50.4334,30.5166
Senegal,14.7158,-17.4731
Syria,33.5,36.3
Tunisia,36.8028,10.1797
Austria,48.2,16.3666
Libya,32.8925,13.18
Uzbekistan,41.3117,69.2949
Cuba,23.132,-82.3642
Dominican Republic,18.4701,-69.9001
Azerbaijan,40.3953,49.8622
Ghana,5.55,-0.2167
Kuwait,29.3697,47.9783
Yemen,15.3547,44.2066
Haiti,18.541,-72.336
Romania,44.4334,26.0999
Paraguay,-25.2964,-57.6415
Lebanon,33.872,35.5097
Belarus,53.9,27.5666
Belgium,50.8333,4.3333
Poland,52.25,21.0
Morocco,34.0253,-6.8361
Ecuador,-0.215,-78.5001
Madagascar,-18.9166,47.5166
Hungary,47.5,19.0833
Cameroon,3.8667,11.5167
Bolivia,-16.498,-68.15
Nigeria,9.0833,7.5333
Zimbabwe,-17.8178,31.0447
Uruguay,-34.858,-56.1711
Mali,12.65,-8.0
Guinea,9.5315,-13.6802
Cambodia,11.55,104.9166
Togo,6.1319,1.2228
Qatar,25.2866,51.533
Malaysia,3.1667,101.7
Mozambique,-25.9553,32.5892
El Salvador,13.71,-89.203
Uganda,0.3167,32.5833
Netherlands,52.08,4.27
Congo (Brazzaville),-4.2592,15.2847
South Africa,-25.7069,28.2294
Zambia,-15.4166,28.2833
Costa Rica,9.935,-84.0841
Panama,8.968,-79.533
Sweden,59.3508,18.0973
Bulgaria,42.6833,23.3167
Czechia,50.0833,14.466
Burkina Faso,12.3703,-1.5247
Canada,45.4167,-75.7
Finland,60.1756,24.9341
Armenia,40.1812,44.5136
Somalia,2.0667,45.3667
Georgia,41.725,44.7908
Serbia,44.8186,20.468
Tajikistan,38.56,68.7739
Denmark,55.6786,12.5635
Jordan,31.95,35.9333
Ireland,53.3331,-6.2489
Liberia,6.3106,-10.8048
Netherlands,52.35,4.9166
Israel,31.7784,35.2066
Guatemala,14.6211,-90.527
Chad,12.1131,15.0491
Honduras,14.102,-87.2175
Jamaica,17.9771,-76.7674
Burma,19.7666,96.1186
Djibouti,11.595,43.148
Nicaragua,12.153,-86.2685
Niger,13.5167,2.1167
Albania,41.3275,19.8189
Nepal,27.7167,85.3166
Mongolia,47.9167,106.9166
Rwanda,-1.9536,30.0605
Kyrgyzstan,42.8731,74.5852
Norway,59.9167,10.75
Central African Republic,4.3666,18.5583
Sierra Leone,8.47,-13.2342
Pakistan,33.7,73.1666
Benin,6.4,2.52
Laos,17.9667,102.6
Latvia,56.95,24.1
Mauritania,18.0864,-15.9753
Oman,23.6133,58.5933
Turkmenistan,37.95,58.3833
Croatia,45.8,16.0
Bosnia And Herzegovina,43.85,18.383
Moldova,47.005,28.8577
Malawi,-13.9833,33.7833
Eritrea,15.3333,38.9333
United Arab Emirates,24.4667,54.3666
Mauritius,-20.1666,57.5
Gabon,0.3854,9.458
Bahrain,26.2361,50.5831
Lithuania,54.6834,25.3166
Macedonia,42.0,21.4335
South Africa,-29.12,26.2299
Slovakia,48.15,17.117
Guinea-Bissau,11.865,-15.5984
Estonia,59.4339,24.728
New Zealand,-41.3,174.7833
Malta,35.8997,14.5147
Lesotho,-29.3167,27.4833
Kazakhstan,51.1811,71.4278
Burundi,-3.3761,29.36
Australia,-35.283,149.129
India,28.6,77.2
Slovenia,46.0553,14.515
Benin,6.4833,2.6166
Brunei,4.8833,114.9333
Trinidad And Tobago,10.652,-61.517
Papua New Guinea,-9.4647,147.1925
Switzerland,46.9167,7.467
Namibia,-22.57,17.0835
Guyana,6.802,-58.167
Suriname,5.835,-55.167
Timor-Leste,-8.5594,125.5795
"Bahamas, The",25.0834,-77.35
Bolivia,-19.041,-65.2595
Cyprus,35.1667,33.3666
Tanzania,-6.1833,35.75
Sri Lanka,6.932,79.8578
Botswana,-24.6463,25.9119
Côte D’Ivoire,6.8184,-5.2755
Barbados,13.102,-59.6165
Fiji,-18.133,178.4417
Iceland,64.15,-21.95
Equatorial Guinea,3.75,8.7833
Curaçao,12.2004,-69.02
Montenegro,42.466,19.2663
Comoros,-11.7042,43.2402
Sri Lanka,6.9,79.95
Cabo Verde,14.9167,-23.5167
Maldives,4.1667,73.4999
South Sudan,4.83,31.58
Luxembourg,49.6117,6.13
Bhutan,27.473,89.639
Swaziland,-26.3167,31.1333
Sao Tome And Principe,0.3334,6.7333
Solomon Islands,-9.438,159.9498
Aruba,12.5304,-70.029
Samoa,-13.8415,-171.7386
Andorra,42.5,1.5165
Saint Vincent And The Grenadines,13.1483,-61.2121
Vanuatu,-17.7334,168.3166
"Gambia, The",13.4539,-16.5917
Tonga,-21.1385,-175.2206
Saint Lucia,14.002,-61.0
Monaco,43.7396,7.4069
Liechtenstein,47.1337,9.5167
Antigua And Barbuda,17.118,-61.85
Grenada,12.0526,-61.7416
Seychelles,-4.6166,55.45
San Marino,43.9172,12.4667
Kiribati,1.3382,173.0176
Marshall Islands,7.103,171.38
Dominica,15.301,-61.387
Saint Kitts And Nevis,17.302,-62.717
Belize,17.252,-88.7671
American Samoa,-14.274,-170.7046
Swaziland,-26.4667,31.2
Tuvalu,-8.5167,179.2166
"Micronesia, Federated States Of",6.9166,158.15
Northern Mariana Islands,15.2137,145.7546
Guam,13.4745,144.7504
West Bank,31.7764,35.2269
Sint Maarten,18.0255,-63.045
Burundi,-3.4271,29.9246
Kosovo,42.6666,21.1724
Palau,7.5,134.6242
